file_name,width,height,x1,y1,x2,y2,category
003_0001.png,85,76,20,10,67,58,0
003_0002.png,98,92,20,17,83,75,0
003_0003.png,122,112,24,16,102,93,0
003_0004.png,72,62,13,7,59,52,0
003_0005.png,116,102,24,15,95,87,0
003_0006.png,85,80,13,16,64,66,0
003_0007.png,82,75,17,12,64,57,0
003_0008.png,134,121,35,24,108,96,0
003_0009.png,181,177,25,25,159,158,0
003_0010.png,219,212,30,22,195,189,0
003_0011.png,130,126,20,17,106,108,0
003_0012.png,143,135,28,22,120,115,0
003_0013.png,88,88,19,13,72,71,0
003_0014.png,78,68,18,8,63,57,0
003_0015.png,88,77,16,11,73,69,0
003_0016.png,97,85,18,12,75,71,0
003_0017.png,147,130,25,15,126,115,0
003_0018.png,94,80,16,10,73,67,0
003_0019.png,107,103,19,14,89,86,0
003_0020.png,130,112,21,14,103,99,0
003_0021.png,97,92,17,11,78,78,0
003_0022.png,96,89,17,9,81,76,0
003_0023.png,99,90,16,12,80,77,0
003_0024.png,97,97,19,15,81,79,0
003_0025.png,99,93,16,9,86,84,0
003_0026.png,111,100,20,13,91,88,0
003_0027.png,96,84,16,12,78,71,0
003_0028.png,104,88,23,11,84,72,0
003_0029.png,153,143,42,12,117,128,0
003_0043.png,244,209,35,19,209,187,0
003_0044.png,168,150,24,11,151,137,0
003_0045.png,235,235,30,34,216,210,0
003_0046.png,131,130,16,15,113,110,0
003_0047.png,73,62,15,8,65,53,0
003_0048.png,123,123,14,20,109,104,0
003_0049.png,167,165,25,33,149,140,0
003_0050.png,122,114,19,17,111,98,0
003_0051.png,111,104,20,12,94,87,0
003_0052.png,202,207,26,24,177,174,0
003_0053.png,260,258,42,39,237,217,0
003_0054.png,133,129,24,22,113,109,0
003_0055.png,206,201,31,32,174,169,0
003_0056.png,96,85,22,13,83,72,0
003_0057.png,227,218,32,27,197,181,0
003_0058.png,179,177,24,19,162,155,0
003_0059.png,85,80,11,7,72,66,0
003_0060.png,123,123,16,19,106,107,0
003_0061.png,151,141,21,28,129,116,0
003_0062.png,244,235,34,42,214,198,0
003_0063.png,166,158,21,21,147,139,0
003_0064.png,135,131,26,20,115,110,0
003_0065.png,222,203,38,31,192,182,0
003_0066.png,151,146,28,21,131,122,0
003_0067.png,235,227,31,25,205,197,0
003_0068.png,176,159,31,21,153,141,0
003_0069.png,123,109,24,15,99,90,0
003_0070.png,114,110,23,18,97,94,0
003_0071.png,230,212,38,33,192,187,0
003_0072.png,179,154,30,24,153,131,0
003_0073.png,267,228,32,29,232,203,0
003_0074.png,266,222,29,24,231,197,0
003_0075.png,247,211,33,27,217,186,0
003_0076.png,92,92,17,12,82,77,0
003_0077.png,170,153,27,24,144,136,0
003_0078.png,139,126,22,16,120,112,0
003_0079.png,163,156,24,26,139,132,0
011_0001.png,160,149,28,12,131,135,1
011_0002.png,117,120,17,10,101,112,1
011_0003.png,121,123,22,9,106,111,1
011_0004.png,312,298,53,20,263,272,1
011_0005.png,85,90,15,12,73,76,1
011_0006.png,148,139,29,19,126,124,1
011_0007.png,104,91,17,9,88,80,1
011_0008.png,130,111,19,11,107,101,1
011_0009.png,121,116,17,12,108,103,1
011_0010.png,148,137,21,13,131,123,1
012_0001.png,202,194,39,36,149,148,2
012_0002.png,202,194,38,36,150,148,2
012_0003.png,374,348,66,60,296,284,2
012_0004.png,94,100,12,11,86,87,2
012_0005.png,163,159,22,25,137,137,2
012_0006.png,228,209,49,26,187,168,2
012_0007.png,175,176,40,40,146,144,2
012_0008.png,276,239,58,37,218,197,2
012_0009.png,374,348,64,58,299,289,2
012_0010.png,136,130,17,19,115,114,2
012_0011.png,136,130,18,20,116,113,2
012_0012.png,228,209,47,26,188,168,2
012_0013.png,228,209,46,26,187,168,2
012_0014.png,94,100,13,13,84,85,2
012_0015.png,94,100,15,13,83,85,2
012_0016.png,94,100,14,13,84,84,2
012_0017.png,124,115,27,22,102,95,2
012_0018.png,124,115,27,21,103,96,2
012_0019.png,89,90,18,21,72,73,2
012_0020.png,89,90,19,21,72,73,2
012_0021.png,136,130,18,20,115,113,2
012_0022.png,136,130,19,20,114,113,2
012_0023.png,163,159,22,26,137,139,2
012_0024.png,228,209,47,23,187,167,2
012_0025.png,228,209,45,26,187,168,2
012_0026.png,94,100,15,13,84,86,2
012_0027.png,94,100,13,14,84,85,2
012_0028.png,94,100,13,13,83,85,2
012_0029.png,94,100,14,12,83,85,2
012_0030.png,94,100,14,13,84,85,2
028_0001.png,160,150,23,16,139,130,3
028_0002.png,118,114,11,8,108,106,3
028_0003.png,272,263,45,38,250,245,3
028_0004.png,185,181,24,23,165,166,3
028_0005.png,119,118,18,19,101,102,3
028_0006.png,125,118,24,17,107,100,3
028_0007.png,155,155,26,23,135,132,3
028_0008.png,123,114,20,13,106,97,3
028_0009.png,199,184,36,22,175,159,3
028_0010.png,106,104,17,17,91,90,3
028_0057.png,165,156,36,23,134,132,3
028_0078.png,169,155,32,27,136,129,3
030_0001.png,140,125,24,17,115,106,4
030_0002.png,230,220,28,24,206,198,4
030_0003.png,80,77,16,13,70,64,4
030_0005.png,134,121,30,21,103,102,4
030_0006.png,134,121,31,21,102,102,4
030_0007.png,184,171,42,33,144,148,4
030_0008.png,184,171,42,32,143,147,4
030_0009.png,211,199,50,33,171,168,4
030_0010.png,211,199,49,32,171,166,4
030_0011.png,95,87,22,14,73,72,4
030_0012.png,95,87,21,13,73,73,4
030_0013.png,164,160,33,32,130,133,4
030_0014.png,164,160,34,32,130,133,4
030_0015.png,176,166,31,26,142,142,4
030_0016.png,176,166,30,26,142,142,4
030_0017.png,222,213,41,34,183,181,4
030_0018.png,222,213,41,33,184,182,4
030_0019.png,254,217,48,30,209,198,4
030_0020.png,254,217,49,30,207,198,4
030_0021.png,119,117,22,23,93,98,4
030_0022.png,119,117,22,24,94,98,4
030_0023.png,138,108,33,19,92,90,4
030_0024.png,138,108,31,19,92,89,4
030_0025.png,168,157,37,32,131,126,4
030_0026.png,168,157,38,31,131,126,4
030_0027.png,103,94,21,17,81,78,4
030_0028.png,103,94,22,17,81,77,4
030_0029.png,221,221,35,40,176,180,4
030_0030.png,221,221,37,39,175,180,4
030_0031.png,104,116,20,28,81,89,4
030_0032.png,104,116,21,28,81,89,4
030_0033.png,134,121,30,21,103,103,4
030_0034.png,134,121,31,21,103,103,4
030_0035.png,184,171,41,32,144,148,4
030_0061.png,245,245,46,46,203,201,4
030_0062.png,360,328,73,60,297,278,4
035_0001.png,150,136,29,21,124,106,5
035_0002.png,90,77,12,7,79,69,5
035_0003.png,99,83,14,8,86,71,5
035_0004.png,132,122,22,14,116,95,5
035_0005.png,220,203,30,28,196,177,5
035_0006.png,219,180,24,12,192,163,5
035_0007.png,249,206,36,22,218,185,5
035_0008.png,491,402,69,31,462,384,5
035_0009.png,190,158,34,20,157,132,5
035_0010.png,237,198,39,27,197,163,5
035_0011.png,243,208,35,17,219,174,5
035_0012.png,260,221,41,25,224,190,5
035_0013.png,197,165,30,17,169,144,5
035_0014.png,204,185,37,25,178,152,5
035_0015.png,117,109,21,19,101,90,5
035_0016.png,120,107,23,12,101,82,5
035_0017.png,148,129,20,15,131,110,5
035_0018.png,134,116,26,16,108,93,5
035_0019.png,168,146,44,30,137,117,5
035_0020.png,147,134,26,11,129,113,5
035_0021.png,160,149,24,18,135,119,5
035_0022.png,145,124,29,19,121,102,5
035_0023.png,147,138,24,27,125,116,5
035_0024.png,208,192,30,30,186,163,5
035_0025.png,122,109,11,14,102,93,5
035_0026.png,103,90,12,10,90,74,5
035_0027.png,161,160,16,28,132,129,5
035_0028.png,117,102,17,13,95,82,5
035_0029.png,163,155,25,24,144,126,5
035_0030.png,171,161,26,24,146,131,5
035_0031.png,107,105,17,15,90,80,5
035_0032.png,143,135,20,17,131,113,5
035_0033.png,171,160,25,19,147,128,5
035_0034.png,116,99,20,15,88,76,5
035_0035.png,118,91,32,17,93,68,5
035_0036.png,165,139,18,19,133,111,5
035_0037.png,123,107,18,17,102,92,5
035_0038.png,170,171,28,33,144,134,5
035_0039.png,97,90,11,14,80,73,5
035_0040.png,167,158,27,24,146,129,5
035_0041.png,220,200,17,16,205,180,5
035_0042.png,140,136,24,26,122,116,5
035_0043.png,93,92,13,13,81,73,5
035_0044.png,134,125,19,22,116,104,5
035_0045.png,179,171,28,35,153,136,5
035_0046.png,179,174,21,25,156,135,5
035_0047.png,127,130,20,21,116,104,5
035_0048.png,320,282,49,39,275,234,5
035_0049.png,216,196,21,22,193,167,5
035_0050.png,211,214,23,33,192,179,5
035_0001_j.png,112,115,18,21,92,83,5
035_0002_j.png,130,107,27,17,99,83,5
035_0003_j.png,91,81,11,8,82,71,5
043_0001.png,98,91,14,15,80,71,6
043_0002.png,107,99,27,17,88,73,6
043_0003.png,130,113,19,11,107,89,6
043_0004.png,97,89,19,12,86,71,6
043_0005.png,106,106,21,15,97,78,6
043_0006.png,105,97,17,13,93,77,6
043_0007.png,116,104,14,8,99,85,6
043_0008.png,181,156,44,23,158,122,6
043_0009.png,112,99,19,18,89,79,6
043_0010.png,159,156,24,30,136,127,6
043_0011.png,86,79,14,10,79,68,6
043_0012.png,114,104,25,20,92,80,6
043_0013.png,119,120,16,11,107,93,6
043_0014.png,106,94,16,15,83,73,6
043_0015.png,143,143,16,17,132,119,6
043_0016.png,266,223,26,21,235,192,6
043_0017.png,133,123,17,21,115,95,6
043_0018.png,289,264,20,33,259,212,6
043_0019.png,131,121,19,17,115,103,6
043_0020.png,157,151,26,19,141,122,6
043_0021.png,206,209,31,31,190,174,6
043_0022.png,168,156,28,24,144,123,6
043_0023.png,215,198,18,22,190,168,6
043_0024.png,191,187,18,26,167,153,6
043_0025.png,131,116,25,18,111,89,6
043_0026.png,258,238,24,24,232,192,6
043_0027.png,100,100,9,16,88,84,6
003_0030_j.png,109,120,18,26,89,98,0
011_0055_j.png,121,112,22,15,97,91,1
012_0012_j.png,93,94,16,13,68,78,2
028_0035_j.png,126,123,25,23,97,96,3
030_0018_j.png,168,147,35,33,128,117,4
035_0027_j.png,142,125,26,22,104,91,5
043_0035_j.png,191,179,40,31,156,137,6
003_0080.png,194,172,27,9,180,153,0
003_0081.png,191,190,22,28,167,166,0
003_0082.png,242,218,39,21,229,191,0
003_0083.png,105,94,11,8,88,80,0
003_0084.png,166,164,22,14,152,144,0
003_0085.png,155,139,22,13,138,126,0
003_0086.png,246,215,38,21,221,200,0
003_0087.png,91,76,17,7,73,62,0
003_0088.png,143,139,19,10,129,122,0
003_0089.png,213,198,25,20,189,180,0
003_0090.png,109,100,18,12,93,82,0
003_0091.png,122,110,21,15,107,96,0
003_0092.png,263,255,32,31,243,228,0
003_0093.png,160,163,17,24,144,147,0
003_0094.png,83,80,14,13,71,65,0
003_0095.png,243,230,23,24,218,198,0
003_0096.png,90,75,20,11,69,59,0
003_0097.png,126,115,17,14,112,102,0
003_0098.png,143,134,17,15,123,116,0
003_0099.png,199,173,38,23,166,149,0
003_0100.png,232,201,40,23,195,171,0
003_0101.png,298,268,44,22,270,235,0
003_0102.png,91,81,16,9,78,70,0
003_0103.png,105,98,16,13,89,82,0
003_0104.png,194,170,36,21,163,144,0
003_0105.png,203,187,36,19,179,158,0
003_0106.png,210,188,32,23,179,165,0
003_0107.png,116,102,18,14,100,91,0
003_0108.png,301,260,52,31,264,229,0
003_0109.png,92,75,19,10,79,64,0
003_0110.png,156,149,23,19,137,121,0
003_0111.png,208,184,28,22,188,160,0
003_0112.png,112,104,17,16,97,91,0
003_0113.png,90,94,15,13,78,73,0
003_0114.png,132,128,22,17,120,105,0
003_0115.png,154,134,24,15,139,117,0
003_0116.png,152,138,19,19,136,120,0
003_0117.png,165,149,27,18,142,136,0
003_0118.png,309,248,50,24,264,220,0
003_0119.png,146,135,23,15,129,118,0
003_0120.png,257,237,39,22,236,211,0
003_0121.png,106,97,16,8,91,81,0
003_0122.png,187,176,31,25,162,149,0
003_0123.png,238,208,39,25,214,190,0
003_0124.png,164,156,25,24,140,137,0
003_0125.png,67,58,13,8,55,50,0
003_0126.png,82,69,17,8,71,61,0
003_0127.png,108,106,16,15,94,94,0
003_0128.png,136,132,21,19,117,114,0
003_0129.png,111,98,18,18,93,80,0
011_0011.png,114,112,13,12,99,100,1
011_0012.png,136,131,17,12,122,116,1
011_0013.png,127,118,12,11,112,107,1
011_0014.png,227,214,39,26,203,192,1
011_0015.png,277,247,48,26,242,222,1
011_0016.png,357,300,63,19,317,277,1
011_0017.png,291,288,47,44,251,250,1
011_0018.png,291,288,47,44,251,249,1
011_0019.png,201,179,44,27,161,147,1
011_0020.png,167,172,37,35,137,134,1
011_0021.png,167,172,38,37,135,133,1
011_0022.png,291,288,50,44,251,245,1
011_0023.png,154,151,28,26,126,125,1
011_0024.png,201,179,44,27,161,146,1
011_0025.png,201,179,42,28,162,146,1
011_0026.png,167,172,38,35,135,135,1
011_0027.png,167,172,39,34,135,133,1
011_0028.png,52,57,4,7,48,52,1
011_0029.png,65,58,6,3,61,57,1
011_0030.png,76,81,3,4,70,78,1
011_0031.png,76,81,3,4,70,80,1
011_0032.png,76,81,3,4,70,80,1
011_0033.png,76,81,2,4,70,79,1
011_0034.png,56,56,4,3,52,54,1
011_0035.png,57,54,4,5,52,50,1
011_0036.png,44,42,4,1,40,41,1
011_0037.png,49,54,4,7,45,50,1
011_0038.png,71,68,3,3,68,64,1
011_0039.png,57,57,4,2,52,54,1
011_0040.png,132,130,23,13,122,112,1
011_0041.png,101,101,18,14,90,86,1
011_0042.png,101,101,17,14,89,87,1
011_0043.png,101,101,17,14,89,86,1
011_0044.png,101,101,18,15,88,86,1
011_0045.png,113,122,18,24,97,103,1
011_0046.png,52,57,4,7,48,52,1
011_0047.png,52,57,5,7,48,52,1
011_0048.png,65,58,6,4,60,55,1
011_0049.png,65,58,6,4,61,55,1
011_0050.png,65,58,6,4,61,56,1
011_0051.png,65,58,6,3,60,57,1
011_0052.png,76,81,1,6,70,80,1
011_0053.png,76,81,3,4,68,79,1
011_0054.png,65,58,6,4,60,55,1
011_0055.png,56,56,4,2,52,53,1
011_0067.png,154,151,26,25,126,122,1
011_0068.png,154,151,28,25,125,123,1
012_0031.png,94,100,13,13,84,85,2
012_0032.png,124,115,27,21,102,95,2
012_0033.png,89,90,19,21,71,74,2
012_0034.png,89,90,19,22,71,73,2
012_0035.png,163,159,20,25,137,138,2
012_0036.png,276,239,54,38,217,195,2
012_0037.png,276,239,55,36,218,198,2
012_0038.png,374,348,68,58,298,287,2
012_0039.png,163,159,21,23,138,138,2
012_0040.png,175,176,38,39,145,144,2
012_0041.png,228,209,48,25,188,168,2
012_0042.png,175,176,38,39,145,144,2
012_0043.png,175,176,40,39,145,144,2
012_0044.png,228,209,47,27,188,169,2
012_0045.png,228,209,46,26,187,168,2
012_0046.png,124,115,27,22,102,95,2
012_0047.png,202,194,39,38,150,147,2
028_0011.png,95,94,19,16,83,80,3
028_0012.png,117,117,15,15,101,103,3
028_0013.png,115,115,14,14,103,102,3
028_0014.png,193,189,19,25,173,176,3
028_0015.png,140,135,26,21,122,118,3
028_0016.png,178,147,36,22,141,127,3
028_0017.png,178,147,36,21,140,125,3
028_0018.png,97,105,17,21,81,86,3
028_0019.png,97,105,16,21,80,87,3
028_0020.png,257,247,35,31,216,217,3
028_0021.png,257,247,36,32,216,217,3
028_0022.png,305,298,73,63,235,245,3
028_0023.png,239,207,48,30,187,172,3
028_0024.png,370,325,52,29,319,302,3
028_0025.png,94,93,19,18,77,77,3
028_0026.png,136,145,31,29,106,116,3
028_0027.png,170,183,38,36,133,144,3
028_0028.png,176,160,31,24,146,140,3
028_0029.png,203,179,34,26,165,160,3
028_0030.png,203,179,32,25,165,160,3
028_0031.png,113,98,20,17,91,86,3
028_0032.png,169,155,33,27,136,129,3
028_0033.png,244,198,46,33,193,177,3
028_0034.png,235,208,42,38,189,184,3
028_0035.png,244,221,48,30,196,175,3
028_0036.png,244,221,50,30,196,176,3
028_0037.png,370,325,51,25,321,304,3
028_0038.png,207,180,35,33,159,159,3
028_0039.png,207,180,37,34,160,160,3
028_0040.png,239,207,47,29,188,172,3
028_0041.png,210,206,34,26,185,178,3
028_0042.png,140,129,26,27,106,105,3
028_0043.png,171,161,30,24,142,139,3
028_0044.png,171,161,30,25,144,138,3
028_0045.png,95,78,17,14,74,60,3
028_0046.png,95,78,19,13,74,60,3
028_0047.png,95,78,19,13,74,60,3
028_0048.png,95,78,20,13,75,60,3
028_0049.png,165,151,37,22,133,132,3
028_0050.png,165,151,35,23,133,132,3
028_0051.png,204,201,42,33,162,169,3
028_0052.png,204,201,43,34,162,169,3
028_0053.png,229,216,40,29,183,187,3
028_0054.png,229,216,42,30,185,188,3
028_0055.png,170,183,36,35,132,145,3
028_0056.png,305,298,73,61,237,246,3
028_0058.png,165,156,38,23,135,132,3
028_0059.png,94,93,17,16,78,78,3
028_0060.png,79,75,17,15,63,61,3
028_0061.png,79,75,15,15,63,62,3
028_0062.png,141,134,33,26,114,110,3
028_0063.png,141,134,33,26,115,109,3
028_0064.png,165,144,37,27,127,117,3
028_0065.png,165,144,40,27,127,115,3
028_0066.png,107,97,22,19,82,82,3
028_0067.png,107,97,21,20,83,82,3
028_0068.png,176,160,32,21,146,140,3
028_0069.png,113,98,20,16,90,85,3
028_0070.png,178,147,36,22,141,127,3
028_0071.png,178,147,36,24,141,126,3
028_0072.png,232,204,50,34,189,173,3
028_0073.png,232,204,49,32,188,173,3
028_0074.png,125,108,26,19,95,89,3
028_0075.png,125,108,26,19,95,89,3
028_0076.png,140,129,27,26,108,105,3
028_0077.png,210,206,35,26,186,177,3
028_0079.png,154,144,30,23,126,120,3
028_0080.png,154,144,30,24,127,120,3
028_0081.png,154,139,29,25,126,119,3
028_0082.png,154,139,30,24,125,118,3
028_0083.png,160,141,28,14,139,123,3
028_0084.png,160,141,29,12,139,124,3
028_0085.png,162,152,23,11,137,125,3
028_0086.png,162,152,24,13,136,124,3
028_0087.png,93,83,17,13,73,68,3
028_0088.png,93,83,18,14,73,68,3
028_0089.png,104,96,19,12,82,74,3
028_0090.png,104,96,21,14,81,73,3
028_0091.png,125,112,22,18,95,92,3
028_0092.png,125,112,21,20,93,92,3
028_0093.png,141,121,31,17,107,106,3
028_0094.png,141,121,31,18,108,106,3
028_0095.png,164,153,35,19,126,125,3
028_0096.png,164,153,35,21,126,124,3
028_0097.png,145,146,29,25,109,121,3
028_0098.png,145,146,28,26,109,123,3
028_0099.png,194,173,46,27,161,141,3
028_0100.png,194,173,45,29,160,142,3
028_0101.png,265,244,43,29,225,213,3
028_0102.png,116,110,19,22,93,93,3
028_0103.png,116,110,19,20,93,93,3
028_0104.png,182,164,31,27,151,143,3
028_0105.png,182,164,30,26,151,144,3
028_0106.png,125,114,18,14,101,99,3
028_0107.png,125,114,21,15,102,99,3
028_0108.png,146,149,25,26,122,126,3
028_0109.png,146,149,28,27,122,128,3
028_0110.png,97,105,16,20,82,87,3
028_0111.png,97,105,17,20,81,88,3
028_0112.png,257,247,33,33,216,216,3
028_0113.png,257,247,33,32,216,215,3
028_0114.png,188,178,38,31,153,144,3
028_0115.png,188,178,40,32,152,143,3
028_0116.png,239,227,41,34,199,189,3
028_0117.png,262,242,33,25,221,209,3
028_0118.png,262,242,35,25,219,210,3
028_0119.png,165,151,35,24,134,133,3
028_0120.png,165,151,35,23,134,132,3
028_0121.png,204,201,41,34,161,170,3
028_0122.png,204,201,42,33,163,170,3
028_0123.png,229,216,42,30,184,189,3
028_0124.png,229,216,42,28,184,189,3
028_0125.png,136,145,30,28,107,115,3
028_0126.png,136,145,32,29,107,114,3
028_0127.png,170,183,34,35,134,146,3
028_0128.png,170,183,34,33,134,146,3
028_0129.png,305,298,76,60,237,244,3
028_0130.png,305,298,74,60,236,245,3
028_0131.png,165,156,38,23,133,133,3
028_0132.png,165,156,35,22,134,131,3
028_0133.png,207,180,37,35,159,158,3
028_0134.png,207,180,37,34,159,157,3
028_0135.png,239,207,48,27,186,171,3
028_0136.png,239,207,47,28,187,172,3
028_0137.png,370,325,50,27,319,303,3
028_0138.png,370,325,50,24,322,301,3
028_0139.png,94,93,18,16,77,77,3
028_0140.png,94,93,18,17,78,77,3
028_0141.png,79,75,16,15,63,62,3
028_0142.png,79,75,16,15,63,62,3
028_0143.png,141,134,34,27,113,109,3
028_0144.png,141,134,34,27,113,107,3
028_0145.png,165,144,40,27,126,116,3
028_0146.png,165,144,39,27,127,116,3
028_0147.png,107,97,22,20,82,81,3
028_0148.png,107,97,21,21,82,82,3
028_0149.png,176,160,34,24,146,137,3
028_0150.png,176,160,32,22,147,139,3
028_0151.png,203,179,34,24,164,159,3
028_0152.png,203,179,34,25,164,158,3
028_0153.png,113,98,20,16,90,85,3
028_0154.png,113,98,21,15,90,85,3
028_0155.png,232,204,48,35,187,172,3
028_0156.png,232,204,47,34,188,171,3
028_0157.png,125,108,26,20,95,89,3
028_0158.png,125,108,27,20,95,88,3
028_0159.png,140,129,27,26,106,105,3
028_0160.png,140,129,28,26,106,104,3
028_0161.png,171,161,28,24,143,139,3
028_0162.png,171,161,29,26,143,137,3
028_0163.png,210,206,34,27,186,177,3
028_0164.png,210,206,34,27,186,178,3
028_0165.png,169,155,30,26,136,130,3
028_0166.png,169,155,31,26,136,129,3
028_0167.png,244,198,45,32,193,176,3
028_0168.png,244,198,45,34,192,176,3
028_0169.png,235,208,43,38,189,182,3
028_0170.png,235,208,43,39,189,183,3
028_0171.png,244,221,51,30,196,175,3
028_0172.png,244,221,51,30,196,174,3
028_0173.png,154,144,31,24,126,119,3
028_0174.png,154,144,29,24,127,121,3
028_0175.png,154,139,28,23,126,119,3
028_0176.png,154,139,29,24,126,118,3
028_0177.png,160,141,27,12,140,125,3
028_0178.png,160,141,26,11,140,125,3
028_0179.png,162,152,24,13,136,125,3
028_0180.png,93,83,17,14,74,68,3
028_0181.png,104,96,18,13,81,75,3
028_0182.png,104,96,19,13,85,74,3
028_0183.png,125,112,21,20,94,91,3
028_0184.png,125,112,21,20,95,91,3
028_0185.png,141,121,28,18,107,107,3
028_0186.png,141,121,30,17,108,106,3
028_0187.png,164,153,34,21,125,124,3
028_0188.png,164,153,36,19,127,124,3
028_0189.png,145,146,32,25,109,121,3
028_0190.png,145,146,28,25,109,122,3
028_0191.png,194,173,48,30,161,141,3
028_0192.png,194,173,47,30,160,140,3
028_0193.png,265,244,42,32,226,212,3
028_0194.png,265,244,44,32,226,212,3
028_0195.png,116,110,20,22,92,92,3
028_0196.png,116,110,18,20,92,94,3
028_0197.png,182,164,31,27,150,143,3
028_0198.png,182,164,31,27,150,145,3
028_0199.png,188,169,37,28,145,134,3
028_0200.png,188,169,38,27,145,134,3
028_0201.png,125,114,20,13,103,99,3
028_0202.png,125,114,19,15,103,99,3
028_0203.png,146,149,26,27,122,127,3
028_0204.png,188,178,39,31,151,143,3
028_0205.png,188,178,40,32,151,141,3
028_0206.png,239,227,42,34,199,189,3
028_0207.png,239,227,41,33,201,188,3
028_0208.png,262,242,35,28,218,208,3
028_0209.png,262,242,34,27,218,209,3
028_0210.png,93,83,17,14,72,67,3
028_0211.png,146,149,24,28,122,127,3
028_0212.png,162,152,23,11,136,125,3
028_0213.png,196,177,39,39,145,142,3
028_0214.png,131,115,24,20,99,93,3
028_0215.png,88,88,16,18,67,69,3
028_0216.png,188,169,35,27,144,135,3
028_0217.png,188,169,37,26,145,133,3
028_0218.png,239,227,43,34,199,189,3
028_0219.png,244,198,45,32,192,177,3
028_0220.png,235,208,42,37,188,184,3
028_0221.png,136,145,29,29,107,115,3
028_0222.png,265,244,43,29,227,211,3
030_0004.png,126,121,22,18,109,103,4
030_0036.png,184,171,42,32,144,149,4
030_0037.png,211,199,51,31,171,168,4
030_0038.png,211,199,50,32,170,169,4
030_0039.png,95,87,21,14,73,73,4
030_0040.png,95,87,21,14,74,72,4
030_0041.png,164,160,34,32,130,132,4
030_0042.png,164,160,32,32,131,133,4
030_0043.png,176,166,31,26,143,143,4
030_0044.png,176,166,30,26,142,143,4
030_0045.png,222,213,42,32,183,181,4
030_0046.png,222,213,43,34,182,180,4
030_0047.png,254,217,49,31,207,196,4
030_0048.png,254,217,50,31,207,197,4
030_0049.png,119,117,22,24,93,98,4
030_0050.png,119,117,22,24,93,98,4
030_0051.png,138,108,32,19,92,90,4
030_0052.png,138,108,32,19,92,90,4
030_0053.png,168,157,37,30,131,125,4
030_0054.png,168,157,37,31,131,124,4
030_0055.png,103,94,22,18,80,76,4
030_0056.png,103,94,22,18,79,77,4
030_0057.png,221,221,38,40,175,180,4
030_0058.png,221,221,37,42,176,179,4
030_0059.png,104,116,21,28,81,89,4
030_0060.png,104,116,20,29,81,89,4
030_0063.png,141,137,27,28,105,106,4
030_0064.png,231,220,50,44,174,168,4
030_0065.png,101,109,19,24,80,83,4
030_0066.png,249,224,59,50,187,184,4
030_0067.png,171,169,38,37,126,128,4
030_0068.png,112,104,28,21,83,79,4
030_0069.png,193,170,57,46,136,130,4
030_0070.png,138,128,36,32,98,92,4
030_0071.png,161,150,40,34,116,110,4
030_0072.png,170,163,42,40,126,121,4
030_0073.png,272,259,73,53,223,202,4
030_0074.png,111,106,27,23,87,83,4
035_0051.png,282,252,28,36,239,211,5
035_0052.png,149,126,15,9,136,101,5
035_0053.png,300,258,28,27,271,207,5
035_0054.png,125,123,18,14,114,100,5
035_0055.png,212,206,23,34,187,180,5
035_0056.png,263,246,29,39,241,210,5
035_0057.png,167,131,27,14,133,108,5
035_0058.png,218,189,33,28,185,160,5
035_0059.png,291,252,45,40,243,212,5
035_0060.png,159,146,22,23,139,123,5
035_0061.png,216,202,27,32,185,165,5
035_0062.png,146,135,24,25,127,111,5
035_0063.png,240,229,29,40,210,191,5
035_0064.png,234,212,24,27,211,184,5
035_0065.png,222,197,23,24,185,171,5
035_0066.png,100,92,13,13,85,71,5
035_0067.png,262,236,25,33,233,199,5
035_0068.png,113,109,17,19,97,91,5
035_0069.png,161,159,24,23,142,129,5
035_0070.png,144,143,13,19,133,123,5
035_0071.png,157,147,21,22,135,120,5
035_0072.png,178,171,8,16,163,151,5
035_0073.png,213,194,12,15,188,168,5
035_0074.png,205,192,23,12,188,155,5
043_0028.png,143,117,25,15,115,92,6
043_0029.png,297,248,36,20,258,210,6
043_0030.png,111,99,15,12,98,82,6
043_0031.png,139,122,11,7,124,104,6
043_0032.png,171,171,16,21,157,140,6
043_0033.png,206,214,26,41,185,174,6
043_0034.png,206,187,23,24,182,160,6
043_0035.png,119,118,25,25,103,86,6
003_1_0001.png,85,76,20,10,67,58,0
003_1_0002.png,98,92,20,17,83,75,0
003_1_0003.png,122,112,24,16,102,93,0
003_1_0004.png,72,62,13,7,59,52,0
003_1_0005.png,116,102,24,15,95,87,0
003_1_0006.png,85,80,13,16,64,66,0
003_1_0007.png,82,75,17,12,64,57,0
003_1_0008.png,134,121,35,24,108,96,0
003_1_0009.png,181,177,25,25,159,158,0
003_1_0010.png,219,212,30,22,195,189,0
003_1_0011.png,130,126,20,17,106,108,0
003_1_0012.png,143,135,28,22,120,115,0
003_1_0013.png,88,88,19,13,72,71,0
003_1_0014.png,78,68,18,8,63,57,0
003_1_0015.png,88,77,16,11,73,69,0
003_1_0016.png,97,85,18,12,75,71,0
003_1_0017.png,147,130,25,15,126,115,0
003_1_0018.png,94,80,16,10,73,67,0
003_1_0019.png,107,103,19,14,89,86,0
003_1_0020.png,130,112,21,14,103,99,0
003_1_0021.png,97,92,17,11,78,78,0
003_1_0022.png,96,89,17,9,81,76,0
003_1_0023.png,99,90,16,12,80,77,0
003_1_0024.png,97,97,19,15,81,79,0
003_1_0025.png,99,93,16,9,86,84,0
003_1_0026.png,111,100,20,13,91,88,0
003_1_0027.png,96,84,16,12,78,71,0
003_1_0028.png,104,88,23,11,84,72,0
003_1_0029.png,153,143,42,12,117,128,0
003_1_0043.png,244,209,35,19,209,187,0
003_1_0044.png,168,150,24,11,151,137,0
003_1_0045.png,235,235,30,34,216,210,0
003_1_0046.png,131,130,16,15,113,110,0
003_1_0047.png,73,62,15,8,65,53,0
003_1_0048.png,123,123,14,20,109,104,0
003_1_0049.png,167,165,25,33,149,140,0
003_1_0050.png,122,114,19,17,111,98,0
003_1_0051.png,111,104,20,12,94,87,0
003_1_0052.png,202,207,26,24,177,174,0
003_1_0053.png,260,258,42,39,237,217,0
003_1_0054.png,133,129,24,22,113,109,0
003_1_0055.png,206,201,31,32,174,169,0
003_1_0056.png,96,85,22,13,83,72,0
003_1_0057.png,227,218,32,27,197,181,0
003_1_0058.png,179,177,24,19,162,155,0
003_1_0059.png,85,80,11,7,72,66,0
003_1_0060.png,123,123,16,19,106,107,0
003_1_0061.png,151,141,21,28,129,116,0
003_1_0062.png,244,235,34,42,214,198,0
003_1_0063.png,166,158,21,21,147,139,0
003_1_0064.png,135,131,26,20,115,110,0
003_1_0065.png,222,203,38,31,192,182,0
003_1_0066.png,151,146,28,21,131,122,0
003_1_0067.png,235,227,31,25,205,197,0
003_1_0068.png,176,159,31,21,153,141,0
003_1_0069.png,123,109,24,15,99,90,0
003_1_0070.png,114,110,23,18,97,94,0
003_1_0071.png,230,212,38,33,192,187,0
003_1_0072.png,179,154,30,24,153,131,0
003_1_0073.png,267,228,32,29,232,203,0
003_1_0074.png,266,222,29,24,231,197,0
003_1_0075.png,247,211,33,27,217,186,0
003_1_0076.png,92,92,17,12,82,77,0
003_1_0077.png,170,153,27,24,144,136,0
003_1_0078.png,139,126,22,16,120,112,0
003_1_0079.png,163,156,24,26,139,132,0
011_1_0001.png,160,149,28,12,131,135,1
011_1_0002.png,117,120,17,10,101,112,1
011_1_0003.png,121,123,22,9,106,111,1
011_1_0004.png,312,298,53,20,263,272,1
011_1_0005.png,85,90,15,12,73,76,1
011_1_0006.png,148,139,29,19,126,124,1
011_1_0007.png,104,91,17,9,88,80,1
011_1_0008.png,130,111,19,11,107,101,1
011_1_0009.png,121,116,17,12,108,103,1
011_1_0010.png,148,137,21,13,131,123,1
012_1_0001.png,202,194,39,36,149,148,2
012_1_0002.png,202,194,38,36,150,148,2
012_1_0003.png,374,348,66,60,296,284,2
012_1_0004.png,94,100,12,11,86,87,2
012_1_0005.png,163,159,22,25,137,137,2
012_1_0006.png,228,209,49,26,187,168,2
012_1_0007.png,175,176,40,40,146,144,2
012_1_0008.png,276,239,58,37,218,197,2
012_1_0009.png,374,348,64,58,299,289,2
012_1_0010.png,136,130,17,19,115,114,2
012_1_0011.png,136,130,18,20,116,113,2
012_1_0012.png,228,209,47,26,188,168,2
012_1_0013.png,228,209,46,26,187,168,2
012_1_0014.png,94,100,13,13,84,85,2
012_1_0015.png,94,100,15,13,83,85,2
012_1_0016.png,94,100,14,13,84,84,2
012_1_0017.png,124,115,27,22,102,95,2
012_1_0018.png,124,115,27,21,103,96,2
012_1_0019.png,89,90,18,21,72,73,2
012_1_0020.png,89,90,19,21,72,73,2
012_1_0021.png,136,130,18,20,115,113,2
012_1_0022.png,136,130,19,20,114,113,2
012_1_0023.png,163,159,22,26,137,139,2
012_1_0024.png,228,209,47,23,187,167,2
012_1_0025.png,228,209,45,26,187,168,2
012_1_0026.png,94,100,15,13,84,86,2
012_1_0027.png,94,100,13,14,84,85,2
012_1_0028.png,94,100,13,13,83,85,2
012_1_0029.png,94,100,14,12,83,85,2
012_1_0030.png,94,100,14,13,84,85,2
028_1_0001.png,160,150,23,16,139,130,3
028_1_0002.png,118,114,11,8,108,106,3
028_1_0003.png,272,263,45,38,250,245,3
028_1_0004.png,185,181,24,23,165,166,3
028_1_0005.png,119,118,18,19,101,102,3
028_1_0006.png,125,118,24,17,107,100,3
028_1_0007.png,155,155,26,23,135,132,3
028_1_0008.png,123,114,20,13,106,97,3
028_1_0009.png,199,184,36,22,175,159,3
028_1_0010.png,106,104,17,17,91,90,3
028_1_0057.png,165,156,36,23,134,132,3
028_1_0078.png,169,155,32,27,136,129,3
030_1_0001.png,140,125,24,17,115,106,4
030_1_0002.png,230,220,28,24,206,198,4
030_1_0003.png,80,77,16,13,70,64,4
030_1_0005.png,134,121,30,21,103,102,4
030_1_0006.png,134,121,31,21,102,102,4
030_1_0007.png,184,171,42,33,144,148,4
030_1_0008.png,184,171,42,32,143,147,4
030_1_0009.png,211,199,50,33,171,168,4
030_1_0010.png,211,199,49,32,171,166,4
030_1_0011.png,95,87,22,14,73,72,4
030_1_0012.png,95,87,21,13,73,73,4
030_1_0013.png,164,160,33,32,130,133,4
030_1_0014.png,164,160,34,32,130,133,4
030_1_0015.png,176,166,31,26,142,142,4
030_1_0016.png,176,166,30,26,142,142,4
030_1_0017.png,222,213,41,34,183,181,4
030_1_0018.png,222,213,41,33,184,182,4
030_1_0019.png,254,217,48,30,209,198,4
030_1_0020.png,254,217,49,30,207,198,4
030_1_0021.png,119,117,22,23,93,98,4
030_1_0022.png,119,117,22,24,94,98,4
030_1_0023.png,138,108,33,19,92,90,4
030_1_0024.png,138,108,31,19,92,89,4
030_1_0025.png,168,157,37,32,131,126,4
030_1_0026.png,168,157,38,31,131,126,4
030_1_0027.png,103,94,21,17,81,78,4
030_1_0028.png,103,94,22,17,81,77,4
030_1_0029.png,221,221,35,40,176,180,4
030_1_0030.png,221,221,37,39,175,180,4
030_1_0031.png,104,116,20,28,81,89,4
030_1_0032.png,104,116,21,28,81,89,4
030_1_0033.png,134,121,30,21,103,103,4
030_1_0034.png,134,121,31,21,103,103,4
030_1_0035.png,184,171,41,32,144,148,4
030_1_0061.png,245,245,46,46,203,201,4
030_1_0062.png,360,328,73,60,297,278,4
035_1_0001.png,150,136,29,21,124,106,5
035_1_0002.png,90,77,12,7,79,69,5
035_1_0003.png,99,83,14,8,86,71,5
035_1_0004.png,132,122,22,14,116,95,5
035_1_0005.png,220,203,30,28,196,177,5
035_1_0006.png,219,180,24,12,192,163,5
035_1_0007.png,249,206,36,22,218,185,5
035_1_0008.png,491,402,69,31,462,384,5
035_1_0009.png,190,158,34,20,157,132,5
035_1_0010.png,237,198,39,27,197,163,5
035_1_0011.png,243,208,35,17,219,174,5
035_1_0012.png,260,221,41,25,224,190,5
035_1_0013.png,197,165,30,17,169,144,5
035_1_0014.png,204,185,37,25,178,152,5
035_1_0015.png,117,109,21,19,101,90,5
035_1_0016.png,120,107,23,12,101,82,5
035_1_0017.png,148,129,20,15,131,110,5
035_1_0018.png,134,116,26,16,108,93,5
035_1_0019.png,168,146,44,30,137,117,5
035_1_0020.png,147,134,26,11,129,113,5
035_1_0021.png,160,149,24,18,135,119,5
035_1_0022.png,145,124,29,19,121,102,5
035_1_0023.png,147,138,24,27,125,116,5
035_1_0024.png,208,192,30,30,186,163,5
035_1_0025.png,122,109,11,14,102,93,5
035_1_0026.png,103,90,12,10,90,74,5
035_1_0027.png,161,160,16,28,132,129,5
035_1_0028.png,117,102,17,13,95,82,5
035_1_0029.png,163,155,25,24,144,126,5
035_1_0030.png,171,161,26,24,146,131,5
035_1_0031.png,107,105,17,15,90,80,5
035_1_0032.png,143,135,20,17,131,113,5
035_1_0033.png,171,160,25,19,147,128,5
035_1_0034.png,116,99,20,15,88,76,5
035_1_0035.png,118,91,32,17,93,68,5
035_1_0036.png,165,139,18,19,133,111,5
035_1_0037.png,123,107,18,17,102,92,5
035_1_0038.png,170,171,28,33,144,134,5
035_1_0039.png,97,90,11,14,80,73,5
035_1_0040.png,167,158,27,24,146,129,5
035_1_0041.png,220,200,17,16,205,180,5
035_1_0042.png,140,136,24,26,122,116,5
035_1_0043.png,93,92,13,13,81,73,5
035_1_0044.png,134,125,19,22,116,104,5
035_1_0045.png,179,171,28,35,153,136,5
035_1_0046.png,179,174,21,25,156,135,5
035_1_0047.png,127,130,20,21,116,104,5
035_1_0048.png,320,282,49,39,275,234,5
035_1_0049.png,216,196,21,22,193,167,5
035_1_0050.png,211,214,23,33,192,179,5
035_1_0001_1_j.png,112,115,18,21,92,83,5
035_1_0002_1_j.png,130,107,27,17,99,83,5
035_1_0003_1_j.png,91,81,11,8,82,71,5
043_1_0001.png,98,91,14,15,80,71,6
043_1_0002.png,107,99,27,17,88,73,6
043_1_0003.png,130,113,19,11,107,89,6
043_1_0004.png,97,89,19,12,86,71,6
043_1_0005.png,106,106,21,15,97,78,6
043_1_0006.png,105,97,17,13,93,77,6
043_1_0007.png,116,104,14,8,99,85,6
043_1_0008.png,181,156,44,23,158,122,6
043_1_0009.png,112,99,19,18,89,79,6
043_1_0010.png,159,156,24,30,136,127,6
043_1_0011.png,86,79,14,10,79,68,6
043_1_0012.png,114,104,25,20,92,80,6
043_1_0013.png,119,120,16,11,107,93,6
043_1_0014.png,106,94,16,15,83,73,6
043_1_0015.png,143,143,16,17,132,119,6
043_1_0016.png,266,223,26,21,235,192,6
043_1_0017.png,133,123,17,21,115,95,6
043_1_0018.png,289,264,20,33,259,212,6
043_1_0019.png,131,121,19,17,115,103,6
043_1_0020.png,157,151,26,19,141,122,6
043_1_0021.png,206,209,31,31,190,174,6
043_1_0022.png,168,156,28,24,144,123,6
043_1_0023.png,215,198,18,22,190,168,6
043_1_0024.png,191,187,18,26,167,153,6
043_1_0025.png,131,116,25,18,111,89,6
043_1_0026.png,258,238,24,24,232,192,6
043_1_0027.png,100,100,9,16,88,84,6
003_1_0030_1_j.png,109,120,18,26,89,98,0
011_1_0055_1_j.png,121,112,22,15,97,91,1
012_1_0012_1_j.png,93,94,16,13,68,78,2
028_1_0035_1_j.png,126,123,25,23,97,96,3
030_1_0018_1_j.png,168,147,35,33,128,117,4
035_1_0027_1_j.png,142,125,26,22,104,91,5
043_1_0035_1_j.png,191,179,40,31,156,137,6
003_1_0080.png,194,172,27,9,180,153,0
003_1_0081.png,191,190,22,28,167,166,0
003_1_0082.png,242,218,39,21,229,191,0
003_1_0083.png,105,94,11,8,88,80,0
003_1_0084.png,166,164,22,14,152,144,0
003_1_0085.png,155,139,22,13,138,126,0
003_1_0086.png,246,215,38,21,221,200,0
003_1_0087.png,91,76,17,7,73,62,0
003_1_0088.png,143,139,19,10,129,122,0
003_1_0089.png,213,198,25,20,189,180,0
003_1_0090.png,109,100,18,12,93,82,0
003_1_0091.png,122,110,21,15,107,96,0
003_1_0092.png,263,255,32,31,243,228,0
003_1_0093.png,160,163,17,24,144,147,0
003_1_0094.png,83,80,14,13,71,65,0
003_1_0095.png,243,230,23,24,218,198,0
003_1_0096.png,90,75,20,11,69,59,0
003_1_0097.png,126,115,17,14,112,102,0
003_1_0098.png,143,134,17,15,123,116,0
003_1_0099.png,199,173,38,23,166,149,0
003_1_0100.png,232,201,40,23,195,171,0
003_1_0101.png,298,268,44,22,270,235,0
003_1_0102.png,91,81,16,9,78,70,0
003_1_0103.png,105,98,16,13,89,82,0
003_1_0104.png,194,170,36,21,163,144,0
003_1_0105.png,203,187,36,19,179,158,0
003_1_0106.png,210,188,32,23,179,165,0
003_1_0107.png,116,102,18,14,100,91,0
003_1_0108.png,301,260,52,31,264,229,0
003_1_0109.png,92,75,19,10,79,64,0
003_1_0110.png,156,149,23,19,137,121,0
003_1_0111.png,208,184,28,22,188,160,0
003_1_0112.png,112,104,17,16,97,91,0
003_1_0113.png,90,94,15,13,78,73,0
003_1_0114.png,132,128,22,17,120,105,0
003_1_0115.png,154,134,24,15,139,117,0
003_1_0116.png,152,138,19,19,136,120,0
003_1_0117.png,165,149,27,18,142,136,0
003_1_0118.png,309,248,50,24,264,220,0
003_1_0119.png,146,135,23,15,129,118,0
003_1_0120.png,257,237,39,22,236,211,0
003_1_0121.png,106,97,16,8,91,81,0
003_1_0122.png,187,176,31,25,162,149,0
003_1_0123.png,238,208,39,25,214,190,0
003_1_0124.png,164,156,25,24,140,137,0
003_1_0125.png,67,58,13,8,55,50,0
003_1_0126.png,82,69,17,8,71,61,0
003_1_0127.png,108,106,16,15,94,94,0
003_1_0128.png,136,132,21,19,117,114,0
003_1_0129.png,111,98,18,18,93,80,0
011_1_0011.png,114,112,13,12,99,100,1
011_1_0012.png,136,131,17,12,122,116,1
011_1_0013.png,127,118,12,11,112,107,1
011_1_0014.png,227,214,39,26,203,192,1
011_1_0015.png,277,247,48,26,242,222,1
011_1_0016.png,357,300,63,19,317,277,1
011_1_0017.png,291,288,47,44,251,250,1
011_1_0018.png,291,288,47,44,251,249,1
011_1_0019.png,201,179,44,27,161,147,1
011_1_0020.png,167,172,37,35,137,134,1
011_1_0021.png,167,172,38,37,135,133,1
011_1_0022.png,291,288,50,44,251,245,1
011_1_0023.png,154,151,28,26,126,125,1
011_1_0024.png,201,179,44,27,161,146,1
011_1_0025.png,201,179,42,28,162,146,1
011_1_0026.png,167,172,38,35,135,135,1
011_1_0027.png,167,172,39,34,135,133,1
011_1_0028.png,52,57,4,7,48,52,1
011_1_0029.png,65,58,6,3,61,57,1
011_1_0030.png,76,81,3,4,70,78,1
011_1_0031.png,76,81,3,4,70,80,1
011_1_0032.png,76,81,3,4,70,80,1
011_1_0033.png,76,81,2,4,70,79,1
011_1_0034.png,56,56,4,3,52,54,1
011_1_0035.png,57,54,4,5,52,50,1
011_1_0036.png,44,42,4,1,40,41,1
011_1_0037.png,49,54,4,7,45,50,1
011_1_0038.png,71,68,3,3,68,64,1
011_1_0039.png,57,57,4,2,52,54,1
011_1_0040.png,132,130,23,13,122,112,1
011_1_0041.png,101,101,18,14,90,86,1
011_1_0042.png,101,101,17,14,89,87,1
011_1_0043.png,101,101,17,14,89,86,1
011_1_0044.png,101,101,18,15,88,86,1
011_1_0045.png,113,122,18,24,97,103,1
011_1_0046.png,52,57,4,7,48,52,1
011_1_0047.png,52,57,5,7,48,52,1
011_1_0048.png,65,58,6,4,60,55,1
011_1_0049.png,65,58,6,4,61,55,1
011_1_0050.png,65,58,6,4,61,56,1
011_1_0051.png,65,58,6,3,60,57,1
011_1_0052.png,76,81,1,6,70,80,1
011_1_0053.png,76,81,3,4,68,79,1
011_1_0054.png,65,58,6,4,60,55,1
011_1_0055.png,56,56,4,2,52,53,1
011_1_0067.png,154,151,26,25,126,122,1
011_1_0068.png,154,151,28,25,125,123,1
012_1_0031.png,94,100,13,13,84,85,2
012_1_0032.png,124,115,27,21,102,95,2
028_1_0011.png,95,94,19,16,83,80,3
028_1_0012.png,117,117,15,15,101,103,3
028_1_0013.png,115,115,14,14,103,102,3
028_1_0014.png,193,189,19,25,173,176,3
028_1_0015.png,140,135,26,21,122,118,3
028_1_0016.png,178,147,36,22,141,127,3
028_1_0017.png,178,147,36,21,140,125,3
028_1_0018.png,97,105,17,21,81,86,3
028_1_0019.png,97,105,16,21,80,87,3
028_1_0020.png,257,247,35,31,216,217,3
028_1_0021.png,257,247,36,32,216,217,3
028_1_0022.png,305,298,73,63,235,245,3
028_1_0023.png,239,207,48,30,187,172,3
028_1_0024.png,370,325,52,29,319,302,3
028_1_0025.png,94,93,19,18,77,77,3
028_1_0026.png,136,145,31,29,106,116,3
028_1_0027.png,170,183,38,36,133,144,3
028_1_0028.png,176,160,31,24,146,140,3
028_1_0029.png,203,179,34,26,165,160,3
028_1_0030.png,203,179,32,25,165,160,3
028_1_0031.png,113,98,20,17,91,86,3
028_1_0032.png,169,155,33,27,136,129,3
028_1_0033.png,244,198,46,33,193,177,3
028_1_0034.png,235,208,42,38,189,184,3
028_1_0035.png,244,221,48,30,196,175,3
028_1_0036.png,244,221,50,30,196,176,3
028_1_0037.png,370,325,51,25,321,304,3
028_1_0038.png,207,180,35,33,159,159,3
028_1_0039.png,207,180,37,34,160,160,3
028_1_0040.png,239,207,47,29,188,172,3
028_1_0041.png,210,206,34,26,185,178,3
028_1_0042.png,140,129,26,27,106,105,3
028_1_0043.png,171,161,30,24,142,139,3
028_1_0044.png,171,161,30,25,144,138,3
028_1_0045.png,95,78,17,14,74,60,3
028_1_0046.png,95,78,19,13,74,60,3
028_1_0047.png,95,78,19,13,74,60,3
028_1_0048.png,95,78,20,13,75,60,3
028_1_0049.png,165,151,37,22,133,132,3
028_1_0050.png,165,151,35,23,133,132,3
028_1_0051.png,204,201,42,33,162,169,3
028_1_0052.png,204,201,43,34,162,169,3
028_1_0053.png,229,216,40,29,183,187,3
028_1_0054.png,229,216,42,30,185,188,3
028_1_0055.png,170,183,36,35,132,145,3
028_1_0056.png,305,298,73,61,237,246,3
028_1_0058.png,165,156,38,23,135,132,3
028_1_0059.png,94,93,17,16,78,78,3
028_1_0060.png,79,75,17,15,63,61,3
028_1_0061.png,79,75,15,15,63,62,3
028_1_0062.png,141,134,33,26,114,110,3
028_1_0063.png,141,134,33,26,115,109,3
028_1_0064.png,165,144,37,27,127,117,3
028_1_0065.png,165,144,40,27,127,115,3
028_1_0066.png,107,97,22,19,82,82,3
028_1_0067.png,107,97,21,20,83,82,3
028_1_0068.png,176,160,32,21,146,140,3
028_1_0069.png,113,98,20,16,90,85,3
028_1_0070.png,178,147,36,22,141,127,3
028_1_0071.png,178,147,36,24,141,126,3
028_1_0072.png,232,204,50,34,189,173,3
028_1_0073.png,232,204,49,32,188,173,3
028_1_0074.png,125,108,26,19,95,89,3
028_1_0075.png,125,108,26,19,95,89,3
028_1_0076.png,140,129,27,26,108,105,3
028_1_0077.png,210,206,35,26,186,177,3
028_1_0079.png,154,144,30,23,126,120,3
028_1_0080.png,154,144,30,24,127,120,3
028_1_0081.png,154,139,29,25,126,119,3
028_1_0082.png,154,139,30,24,125,118,3
028_1_0083.png,160,141,28,14,139,123,3
028_1_0084.png,160,141,29,12,139,124,3
028_1_0085.png,162,152,23,11,137,125,3
028_1_0086.png,162,152,24,13,136,124,3
028_1_0087.png,93,83,17,13,73,68,3
028_1_0088.png,93,83,18,14,73,68,3
028_1_0089.png,104,96,19,12,82,74,3
028_1_0090.png,104,96,21,14,81,73,3
028_1_0091.png,125,112,22,18,95,92,3
028_1_0092.png,125,112,21,20,93,92,3
028_1_0093.png,141,121,31,17,107,106,3
028_1_0094.png,141,121,31,18,108,106,3
028_1_0095.png,164,153,35,19,126,125,3
028_1_0096.png,164,153,35,21,126,124,3
028_1_0097.png,145,146,29,25,109,121,3
028_1_0098.png,145,146,28,26,109,123,3
028_1_0099.png,194,173,46,27,161,141,3
028_1_0100.png,194,173,45,29,160,142,3
028_1_0101.png,265,244,43,29,225,213,3
028_1_0102.png,116,110,19,22,93,93,3
028_1_0103.png,116,110,19,20,93,93,3
028_1_0104.png,182,164,31,27,151,143,3
028_1_0105.png,182,164,30,26,151,144,3
028_1_0106.png,125,114,18,14,101,99,3
028_1_0107.png,125,114,21,15,102,99,3
028_1_0108.png,146,149,25,26,122,126,3
028_1_0109.png,146,149,28,27,122,128,3
028_1_0110.png,97,105,16,20,82,87,3
028_1_0111.png,97,105,17,20,81,88,3
028_1_0112.png,257,247,33,33,216,216,3
028_1_0113.png,257,247,33,32,216,215,3
028_1_0114.png,188,178,38,31,153,144,3
028_1_0115.png,188,178,40,32,152,143,3
028_1_0116.png,239,227,41,34,199,189,3
028_1_0117.png,262,242,33,25,221,209,3
028_1_0118.png,262,242,35,25,219,210,3
028_1_0119.png,165,151,35,24,134,133,3
028_1_0120.png,165,151,35,23,134,132,3
028_1_0121.png,204,201,41,34,161,170,3
028_1_0122.png,204,201,42,33,163,170,3
028_1_0123.png,229,216,42,30,184,189,3
028_1_0124.png,229,216,42,28,184,189,3
028_1_0125.png,136,145,30,28,107,115,3
028_1_0126.png,136,145,32,29,107,114,3
028_1_0127.png,170,183,34,35,134,146,3
028_1_0128.png,170,183,34,33,134,146,3
028_1_0129.png,305,298,76,60,237,244,3
028_1_0130.png,305,298,74,60,236,245,3
028_1_0131.png,165,156,38,23,133,133,3
028_1_0132.png,165,156,35,22,134,131,3
028_1_0133.png,207,180,37,35,159,158,3
028_1_0134.png,207,180,37,34,159,157,3
028_1_0135.png,239,207,48,27,186,171,3
028_1_0136.png,239,207,47,28,187,172,3
028_1_0137.png,370,325,50,27,319,303,3
028_1_0138.png,370,325,50,24,322,301,3
028_1_0139.png,94,93,18,16,77,77,3
028_1_0140.png,94,93,18,17,78,77,3
028_1_0141.png,79,75,16,15,63,62,3
028_1_0142.png,79,75,16,15,63,62,3
028_1_0143.png,141,134,34,27,113,109,3
028_1_0144.png,141,134,34,27,113,107,3
028_1_0145.png,165,144,40,27,126,116,3
028_1_0146.png,165,144,39,27,127,116,3
028_1_0147.png,107,97,22,20,82,81,3
028_1_0148.png,107,97,21,21,82,82,3
028_1_0149.png,176,160,34,24,146,137,3
028_1_0150.png,176,160,32,22,147,139,3
028_1_0151.png,203,179,34,24,164,159,3
028_1_0152.png,203,179,34,25,164,158,3
028_1_0153.png,113,98,20,16,90,85,3
028_1_0154.png,113,98,21,15,90,85,3
028_1_0155.png,232,204,48,35,187,172,3
028_1_0156.png,232,204,47,34,188,171,3
028_1_0157.png,125,108,26,20,95,89,3
028_1_0158.png,125,108,27,20,95,88,3
028_1_0159.png,140,129,27,26,106,105,3
028_1_0160.png,140,129,28,26,106,104,3
028_1_0161.png,171,161,28,24,143,139,3
028_1_0162.png,171,161,29,26,143,137,3
028_1_0163.png,210,206,34,27,186,177,3
028_1_0164.png,210,206,34,27,186,178,3
028_1_0165.png,169,155,30,26,136,130,3
028_1_0166.png,169,155,31,26,136,129,3
028_1_0167.png,244,198,45,32,193,176,3
028_1_0168.png,244,198,45,34,192,176,3
028_1_0169.png,235,208,43,38,189,182,3
028_1_0170.png,235,208,43,39,189,183,3
028_1_0171.png,244,221,51,30,196,175,3
028_1_0172.png,244,221,51,30,196,174,3
028_1_0173.png,154,144,31,24,126,119,3
028_1_0174.png,154,144,29,24,127,121,3
028_1_0175.png,154,139,28,23,126,119,3
028_1_0176.png,154,139,29,24,126,118,3
028_1_0177.png,160,141,27,12,140,125,3
030_1_0004.png,126,121,22,18,109,103,4
030_1_0036.png,184,171,42,32,144,149,4
030_1_0037.png,211,199,51,31,171,168,4
030_1_0038.png,211,199,50,32,170,169,4
030_1_0039.png,95,87,21,14,73,73,4
030_1_0040.png,95,87,21,14,74,72,4
030_1_0041.png,164,160,34,32,130,132,4
030_1_0042.png,164,160,32,32,131,133,4
030_1_0043.png,176,166,31,26,143,143,4
035_1_0051.png,282,252,28,36,239,211,5
035_1_0052.png,149,126,15,9,136,101,5
035_1_0053.png,300,258,28,27,271,207,5
035_1_0054.png,125,123,18,14,114,100,5
035_1_0055.png,212,206,23,34,187,180,5
035_1_0056.png,263,246,29,39,241,210,5
035_1_0057.png,167,131,27,14,133,108,5
035_1_0058.png,218,189,33,28,185,160,5
035_1_0059.png,291,252,45,40,243,212,5
035_1_0060.png,159,146,22,23,139,123,5
035_1_0061.png,216,202,27,32,185,165,5
035_1_0062.png,146,135,24,25,127,111,5
035_1_0063.png,240,229,29,40,210,191,5
035_1_0064.png,234,212,24,27,211,184,5
035_1_0065.png,222,197,23,24,185,171,5
035_1_0066.png,100,92,13,13,85,71,5
035_1_0067.png,262,236,25,33,233,199,5
035_1_0068.png,113,109,17,19,97,91,5
035_1_0069.png,161,159,24,23,142,129,5
043_1_0028.png,143,117,25,15,115,92,6
043_1_0029.png,297,248,36,20,258,210,6
043_1_0030.png,111,99,15,12,98,82,6
043_1_0031.png,139,122,11,7,124,104,6
043_1_0032.png,171,171,16,21,157,140,6
043_1_0033.png,206,214,26,41,185,174,6
043_1_0034.png,206,187,23,24,182,160,6
043_1_0035.png,119,118,25,25,103,86,6
003_0030.png,109,120,18,26,89,98,0
003_0031.png,92,87,16,15,72,68,0
003_0032.png,92,87,16,14,72,68,0
003_0033.png,72,70,14,13,55,53,0
003_0034.png,72,70,14,13,55,53,0
003_0035.png,103,94,15,18,79,79,0
003_0036.png,103,94,16,18,79,78,0
003_0037.png,76,68,15,10,62,57,0
003_0038.png,76,68,15,10,62,57,0
003_0039.png,109,102,24,21,84,80,0
003_0040.png,109,102,24,20,84,81,0
003_0041.png,97,77,19,13,75,69,0
003_0042.png,88,79,24,17,68,60,0
003_0001_j.png,98,100,17,18,80,82,0
003_0002_j.png,154,143,25,8,126,128,0
003_0003_j.png,109,93,27,19,76,70,0
003_0004_j.png,133,130,30,24,100,96,0
003_0005_j.png,106,97,28,24,77,74,0
003_0006_j.png,80,86,14,18,63,67,0
003_0007_j.png,165,166,38,37,125,125,0
003_0008_j.png,77,79,18,17,57,57,0
003_0009_j.png,89,85,17,16,68,67,0
003_0010_j.png,146,132,25,23,112,112,0
003_0011_j.png,201,197,47,39,148,152,0
003_0012_j.png,99,105,21,20,80,82,0
003_0013_j.png,111,105,21,21,85,83,0
003_0014_j.png,184,174,36,32,146,141,0
003_0015_j.png,105,100,24,22,79,79,0
003_0016_j.png,167,140,35,23,132,123,0
003_0017_j.png,113,123,18,17,103,108,0
003_0018_j.png,83,78,18,15,65,65,0
003_0019_j.png,124,107,29,24,97,86,0
003_0020_j.png,80,65,16,8,71,64,0
003_0021_j.png,48,52,4,5,42,44,0
003_0022_j.png,106,100,18,16,85,79,0
003_0023_j.png,83,86,16,19,62,67,0
003_0024_j.png,83,79,20,19,61,61,0
003_0025_j.png,87,85,13,17,74,77,0
003_0026_j.png,113,112,18,19,90,89,0
003_0027_j.png,71,69,16,13,53,52,0
003_0028_j.png,115,118,18,24,90,100,0
003_0029_j.png,60,68,11,14,43,49,0
011_0001_j.png,52,57,3,6,48,53,1
011_0002_j.png,65,58,5,4,61,57,1
011_0003_j.png,76,81,4,5,70,79,1
011_0004_j.png,56,56,4,3,52,53,1
011_0005_j.png,57,54,5,5,52,50,1
011_0006_j.png,44,42,4,3,40,40,1
011_0007_j.png,49,54,4,8,46,50,1
011_0008_j.png,71,68,3,3,67,64,1
011_0009_j.png,57,57,4,4,52,54,1
011_0010_j.png,132,130,22,16,121,112,1
011_0011_j.png,101,101,17,16,89,86,1
011_0012_j.png,113,122,19,25,97,104,1
011_0013_j.png,52,57,4,7,49,52,1
011_0014_j.png,65,58,6,4,60,55,1
011_0015_j.png,76,81,4,7,69,79,1
011_0016_j.png,56,56,4,4,52,53,1
011_0017_j.png,44,42,3,3,40,40,1
011_0018_j.png,49,54,5,8,45,49,1
011_0019_j.png,101,101,18,14,89,85,1
011_0020_j.png,113,122,19,24,96,103,1
011_0021_j.png,113,127,22,29,93,97,1
011_0022_j.png,98,97,14,18,84,86,1
011_0023_j.png,60,67,4,9,53,58,1
011_0024_j.png,59,63,3,6,51,52,1
011_0025_j.png,56,63,7,13,48,54,1
011_0026_j.png,79,87,3,6,76,81,1
011_0027_j.png,62,66,5,11,52,58,1
011_0028_j.png,61,67,7,12,53,57,1
011_0029_j.png,55,71,7,14,48,60,1
011_0030_j.png,101,95,15,12,91,85,1
011_0031_j.png,62,65,2,5,55,60,1
011_0032_j.png,58,61,5,4,53,53,1
011_0033_j.png,51,53,8,6,44,44,1
011_0034_j.png,69,72,12,10,64,64,1
011_0035_j.png,82,81,8,9,77,77,1
011_0036_j.png,70,81,4,7,66,76,1
011_0037_j.png,67,72,7,8,62,63,1
011_0038_j.png,69,73,10,9,63,69,1
011_0039_j.png,82,87,10,12,74,78,1
011_0040_j.png,94,99,9,19,86,93,1
011_0041_j.png,101,97,15,11,91,85,1
011_0042_j.png,152,133,34,20,116,109,1
011_0043_j.png,87,95,20,26,62,67,1
011_0044_j.png,120,115,24,24,97,99,1
011_0045_j.png,110,108,22,17,84,83,1
011_0046_j.png,103,97,22,21,79,78,1
011_0047_j.png,159,158,29,27,130,125,1
011_0048_j.png,121,108,28,18,93,85,1
011_0049_j.png,188,172,47,33,142,129,1
011_0050_j.png,107,107,21,23,78,80,1
011_0051_j.png,173,165,34,25,134,126,1
011_0052_j.png,110,96,18,16,93,89,1
011_0053_j.png,94,77,24,15,69,60,1
011_0054_j.png,155,153,31,31,126,128,1
011_0056.png,108,99,24,20,82,78,1
011_0057.png,108,99,25,19,82,78,1
011_0058.png,90,92,21,17,64,71,1
011_0059.png,90,92,21,18,64,72,1
011_0060.png,115,101,30,21,79,72,1
011_0061.png,115,101,31,22,79,71,1
011_0062.png,90,96,18,19,66,74,1
011_0063.png,90,96,19,18,66,75,1
011_0064.png,91,84,21,16,67,63,1
011_0065.png,91,84,21,16,67,62,1
011_0066.png,67,67,12,10,54,53,1
043_0001_j.png,88,82,24,21,63,58,6
043_0002_j.png,88,82,24,21,63,58,6
043_0003_j.png,88,82,24,21,63,58,6
043_0004_j.png,88,82,23,21,63,58,6
043_0005_j.png,283,242,59,53,212,185,6
043_0006_j.png,182,162,32,29,140,123,6
043_0007_j.png,175,115,30,19,137,108,6
043_0008_j.png,139,138,28,32,116,105,6
043_0009_j.png,102,95,27,20,72,64,6
043_0010_j.png,108,112,19,19,81,76,6
043_0011_j.png,151,137,27,25,118,109,6
043_0012_j.png,128,114,30,29,90,85,6
043_0013_j.png,120,118,33,24,96,88,6
043_0014_j.png,128,118,33,27,101,91,6
043_0015_j.png,164,151,33,28,131,117,6
043_0016_j.png,167,128,42,34,120,100,6
043_0017_j.png,165,175,27,40,133,133,6
043_0018_j.png,102,108,15,17,82,80,6
043_0019_j.png,189,174,32,34,161,139,6
043_0020_j.png,100,94,17,17,78,70,6
043_0021_j.png,199,172,22,23,166,141,6
043_0022_j.png,107,105,17,19,82,78,6
043_0023_j.png,208,194,39,41,170,148,6
043_0024_j.png,84,87,17,22,56,63,6
043_0025_j.png,156,141,24,28,112,111,6
043_0026_j.png,122,108,26,23,94,86,6
043_0027_j.png,111,102,21,17,82,79,6
043_0028_j.png,116,110,23,18,92,83,6
043_0029_j.png,206,190,30,26,171,155,6
043_0030_j.png,134,121,22,23,102,96,6
043_0031_j.png,241,233,37,38,201,189,6
043_0032_j.png,122,118,22,17,95,94,6
043_0033_j.png,101,108,13,22,88,81,6
043_0034_j.png,105,99,19,20,77,70,6
043_0036.png,78,76,11,9,64,56,6
043_0037.png,78,76,13,10,64,56,6
043_0038.png,78,76,13,10,64,56,6
043_0039.png,78,76,13,8,64,56,6
043_0040.png,115,101,26,18,85,75,6
043_0041.png,115,101,26,19,86,75,6
043_0042.png,115,101,25,18,86,75,6
043_0043.png,115,101,26,18,85,75,6
043_0044.png,113,101,32,29,76,69,6
043_0045.png,123,121,29,25,89,79,6
043_0046.png,123,121,30,25,88,79,6
043_0047.png,111,103,27,20,81,74,6
043_0048.png,111,103,26,21,81,74,6
043_0049.png,156,137,32,19,113,98,6
043_0050.png,156,137,32,20,114,99,6
043_0051.png,105,99,26,20,77,68,6
043_0052.png,105,99,26,21,77,68,6
043_0053.png,106,96,25,18,75,64,6
043_0054.png,106,96,25,18,75,64,6
043_0055.png,170,145,50,34,122,105,6
043_0056.png,170,145,49,32,124,105,6
043_0057.png,78,76,12,10,64,55,6
043_0058.png,78,76,13,8,65,56,6
043_0059.png,113,101,31,29,77,69,6
003_1_0030.png,109,120,18,26,89,98,0
003_1_0031.png,92,87,16,15,72,68,0
003_1_0032.png,92,87,16,14,72,68,0
003_1_0033.png,72,70,14,13,55,53,0
003_1_0034.png,72,70,14,13,55,53,0
003_1_0035.png,103,94,15,18,79,79,0
003_1_0036.png,103,94,16,18,79,78,0
003_1_0037.png,76,68,15,10,62,57,0
003_1_0038.png,76,68,15,10,62,57,0
003_1_0039.png,109,102,24,21,84,80,0
003_1_0040.png,109,102,24,20,84,81,0
003_1_0041.png,97,77,19,13,75,69,0
003_1_0042.png,88,79,24,17,68,60,0
003_1_0001_1_j.png,98,100,17,18,80,82,0
003_1_0002_1_j.png,154,143,25,8,126,128,0
003_1_0003_1_j.png,109,93,27,19,76,70,0
003_1_0004_1_j.png,133,130,30,24,100,96,0
003_1_0005_1_j.png,106,97,28,24,77,74,0
003_1_0006_1_j.png,80,86,14,18,63,67,0
003_1_0007_1_j.png,165,166,38,37,125,125,0
003_1_0008_1_j.png,77,79,18,17,57,57,0
003_1_0009_1_j.png,89,85,17,16,68,67,0
003_1_0010_1_j.png,146,132,25,23,112,112,0
003_1_0011_1_j.png,201,197,47,39,148,152,0
003_1_0012_1_j.png,99,105,21,20,80,82,0
011_1_0001_1_j.png,52,57,3,6,48,53,1
011_1_0002_1_j.png,65,58,5,4,61,57,1
011_1_0003_1_j.png,76,81,4,5,70,79,1
011_1_0004_1_j.png,56,56,4,3,52,53,1
011_1_0005_1_j.png,57,54,5,5,52,50,1
011_1_0006_1_j.png,44,42,4,3,40,40,1
011_1_0007_1_j.png,49,54,4,8,46,50,1
011_1_0008_1_j.png,71,68,3,3,67,64,1
011_1_0009_1_j.png,57,57,4,4,52,54,1
011_1_0010_1_j.png,132,130,22,16,121,112,1
011_1_0011_1_j.png,101,101,17,16,89,86,1
011_1_0012_1_j.png,113,122,19,25,97,104,1
011_1_0013_1_j.png,52,57,4,7,49,52,1
011_1_0014_1_j.png,65,58,6,4,60,55,1
011_1_0015_1_j.png,76,81,4,7,69,79,1
011_1_0016_1_j.png,56,56,4,4,52,53,1
011_1_0017_1_j.png,44,42,3,3,40,40,1
011_1_0018_1_j.png,49,54,5,8,45,49,1
011_1_0019_1_j.png,101,101,18,14,89,85,1
011_1_0020_1_j.png,113,122,19,24,96,103,1
043_1_0001_1_j.png,88,82,24,21,63,58,6
043_1_0002_1_j.png,88,82,24,21,63,58,6
043_1_0003_1_j.png,88,82,24,21,63,58,6
043_1_0004_1_j.png,88,82,23,21,63,58,6
043_1_0005_1_j.png,283,242,59,53,212,185,6
043_1_0006_1_j.png,182,162,32,29,140,123,6
043_1_0007_1_j.png,175,115,30,19,137,108,6
043_1_0008_1_j.png,139,138,28,32,116,105,6
043_1_0009_1_j.png,102,95,27,20,72,64,6
043_1_0010_1_j.png,108,112,19,19,81,76,6
043_1_0011_1_j.png,151,137,27,25,118,109,6
043_1_0012_1_j.png,128,114,30,29,90,85,6
043_1_0013_1_j.png,120,118,33,24,96,88,6
043_1_0014_1_j.png,128,118,33,27,101,91,6
043_1_0015_1_j.png,164,151,33,28,131,117,6
043_1_0016_1_j.png,167,128,42,34,120,100,6
043_1_0017_1_j.png,165,175,27,40,133,133,6
043_1_0018_1_j.png,102,108,15,17,82,80,6
043_1_0019_1_j.png,189,174,32,34,161,139,6
043_1_0020_1_j.png,100,94,17,17,78,70,6
043_1_0021_1_j.png,199,172,22,23,166,141,6
